{
	"name": "custom-rest",
	"title": "Custom Rest and Hit Die Healing for D&D5e",
	"description": "Changes Hit Die rolls in the dnd5e system to only add the Constitution modifier upon treating of the wounds, and long rests to only allow healing via hit dice",
	"version": "0.0.2",
	"minimumCoreVersion": "0.6.4",
	"compatibleCoreVersion": "0.6.5",
	"esmodules": [
		"custom-rest.js"
	  ],
	"system": "dnd5e",
	"authors": [
		{
			"name": "Otávio Lhamas",
			"email": "otavio.m.lhamas@gmail.com",
			"url": "https://github.com/OtavioLhamas/"
		}
	],
	"url": "https://github.com/OtavioLhamas/FVTT-Custom-Rest",
	"manifest": "https://raw.githubusercontent.com/OtavioLhamas/FVTT-Custom-Rest/master/module.json",
	"download": "https://github.com/OtavioLhamas/FVTT-Custom-Rest/releases/latest/download/FVTT-Custom-Rest.zip",
	"license": "https://github.com/OtavioLhamas/FVTT-Custom-Rest/blob/develop/LICENSE"	
}